{
  "config": {
    "session": {
      "maxAge": 86400000,
      "key": "EGG_SESS",
      "httpOnly": true,
      "encrypt": true,
      "store": {
        "get": "<AsyncFunction anonymous>",
        "set": "<AsyncFunction anonymous>",
        "destroy": "<AsyncFunction anonymous>"
      },
      "overwrite": true,
      "signed": true,
      "encode": "<Function encode>",
      "decode": "<Function decode>",
      "genid": "<Function anonymous>"
    },
    "security": {
      "domainWhiteList": [
        "http://localhost:3000",
        "http://1270.0.0.1:3000"
      ],
      "protocolWhiteList": [],
      "defaultMiddleware": "csrf,hsts,methodnoallow,noopen,nosniff,csp,xssProtection,xframe,dta",
      "csrf": {
        "enable": false,
        "useSession": false,
        "ignoreJSON": true,
        "cookieName": "csrfToken",
        "sessionName": "csrfToken",
        "headerName": "x-csrf-token",
        "bodyName": "_csrf",
        "queryName": "_csrf"
      },
      "xframe": {
        "enable": true,
        "value": "SAMEORIGIN",
        "matching": "<Function anonymous>"
      },
      "hsts": {
        "enable": false,
        "maxAge": 31536000,
        "includeSubdomains": false
      },
      "dta": {
        "enable": true,
        "matching": "<Function anonymous>"
      },
      "methodnoallow": {
        "enable": true,
        "matching": "<Function anonymous>"
      },
      "noopen": {
        "enable": true,
        "matching": "<Function anonymous>"
      },
      "nosniff": {
        "enable": true,
        "matching": "<Function anonymous>"
      },
      "referrerPolicy": {
        "enable": false,
        "value": "no-referrer-when-downgrade"
      },
      "xssProtection": {
        "enable": true,
        "value": "1; mode=block",
        "matching": "<Function anonymous>"
      },
      "csp": {
        "enable": false,
        "policy": {}
      },
      "ssrf": {
        "ipBlackList": null,
        "checkAddress": null
      }
    },
    "helper": {
      "shtml": {}
    },
    "jsonp": {
      "limit": 50,
      "callback": [
        "_callback",
        "callback"
      ],
      "csrf": false
    },
    "onerror": {
      "errorPageUrl": "",
      "appErrorFilter": null
    },
    "i18n": {
      "defaultLocale": "en_US",
      "dirs": [
        "/Users/syu/WebstormProjects/node-restful-center/server/node_modules/egg-session/config/locales",
        "/Users/syu/WebstormProjects/node-restful-center/server/node_modules/egg-security/config/locales",
        "/Users/syu/WebstormProjects/node-restful-center/server/node_modules/egg-jsonp/config/locales",
        "/Users/syu/WebstormProjects/node-restful-center/server/node_modules/egg-onerror/config/locales",
        "/Users/syu/WebstormProjects/node-restful-center/server/node_modules/egg-i18n/config/locales",
        "/Users/syu/WebstormProjects/node-restful-center/server/node_modules/egg-watcher/config/locales",
        "/Users/syu/WebstormProjects/node-restful-center/server/node_modules/egg-multipart/config/locales",
        "/Users/syu/WebstormProjects/node-restful-center/server/node_modules/egg-development/config/locales",
        "/Users/syu/WebstormProjects/node-restful-center/server/node_modules/egg-schedule/config/locales",
        "/Users/syu/WebstormProjects/node-restful-center/server/node_modules/egg-logrotator/config/locales",
        "/Users/syu/WebstormProjects/node-restful-center/server/node_modules/egg-static/config/locales",
        "/Users/syu/WebstormProjects/node-restful-center/server/node_modules/egg-view/config/locales",
        "/Users/syu/WebstormProjects/node-restful-center/server/node_modules/egg-view-nunjucks/config/locales",
        "/Users/syu/WebstormProjects/node-restful-center/server/node_modules/egg-mysql/config/locales",
        "/Users/syu/WebstormProjects/node-restful-center/server/node_modules/egg-cors/config/locales",
        "/Users/syu/WebstormProjects/node-restful-center/server/node_modules/egg-redis/config/locales",
        "/Users/syu/WebstormProjects/node-restful-center/server/node_modules/egg-session-redis/config/locales",
        "/Users/syu/WebstormProjects/node-restful-center/server/node_modules/egg/config/locales",
        "/Users/syu/WebstormProjects/node-restful-center/server/config/locales"
      ],
      "queryField": "locale",
      "cookieField": "locale",
      "cookieMaxAge": "1y",
      "functionName": "__"
    },
    "watcher": {
      "type": "development",
      "eventSources": {
        "default": "/Users/syu/WebstormProjects/node-restful-center/server/node_modules/egg-watcher/lib/event-sources/default",
        "development": "/Users/syu/WebstormProjects/node-restful-center/server/node_modules/egg-watcher/lib/event-sources/development"
      }
    },
    "multipart": {
      "autoFields": false,
      "defaultCharset": "utf8",
      "fieldNameSize": 100,
      "fieldSize": 102400,
      "fields": 10,
      "fileSize": 10485760,
      "files": 10,
      "fileExtensions": [],
      "whitelist": null
    },
    "development": {
      "watchDirs": [],
      "ignoreDirs": [],
      "fastReady": false,
      "reloadOnDebug": true,
      "overrideDefault": false
    },
    "customLogger": {
      "scheduleLogger": {
        "consoleLevel": "NONE",
        "file": "/Users/syu/WebstormProjects/node-restful-center/server/logs/restful-server/egg-schedule.log"
      }
    },
    "logrotator": {
      "filesRotateByHour": null,
      "hourDelimiter": "-",
      "filesRotateBySize": null,
      "maxFileSize": 52428800,
      "maxFiles": 10,
      "rotateDuration": 60000,
      "maxDays": 31
    },
    "static": {
      "prefix": "/public/",
      "dir": "/Users/syu/WebstormProjects/node-restful-center/server/app/public",
      "dynamic": true,
      "preload": false,
      "buffer": false,
      "maxFiles": 1000,
      "files": "<LRU>"
    },
    "view": {
      "root": [
        "/Users/syu/WebstormProjects/node-restful-center/server/app/view"
      ],
      "cache": false,
      "defaultExtension": ".html",
      "defaultViewEngine": "nunjucks",
      "mapping": {}
    },
    "nunjucks": {
      "autoescape": true,
      "throwOnUndefined": false,
      "trimBlocks": false,
      "lstripBlocks": false,
      "cache": false
    },
    "mysql": {
      "default": {
        "database": null,
        "connectionLimit": 5
      },
      "app": true,
      "agent": true,
      "client": {
        "host": "49.4.13.146",
        "port": "3306",
        "user": "root",
        "password": "<String len: 8>",
        "database": "restful"
      }
    },
    "cors": {
      "allowMethods": "GET,PUT,POST,DELETE,OPTIONS",
      "origin": "*"
    },
    "redis": {
      "default": {},
      "app": true,
      "agent": false,
      "client": {
        "port": 6379,
        "host": "127.0.0.1",
        "password": "<String len: 0>",
        "db": 0
      }
    },
    "sessionRedis": {
      "name": ""
    },
    "env": "local",
    "name": "restful-server",
    "keys": "<String len: 32>",
    "proxy": false,
    "protocolHeaders": "x-forwarded-proto",
    "ipHeaders": "x-forwarded-for",
    "hostHeaders": "",
    "pkg": {
      "name": "restful-server",
      "version": "1.0.0",
      "description": "接口调用服务",
      "private": true,
      "dependencies": {
        "egg": "^2.8.1",
        "egg-cors": "^2.0.0",
        "egg-mysql": "^3.0.0",
        "egg-redis": "^2.0.0",
        "egg-scripts": "^2.6.0",
        "egg-session-redis": "^1.0.0",
        "egg-view-nunjucks": "^2.2.0",
        "mocha": "^5.1.1",
        "stream-wormhole": "^1.0.3"
      },
      "devDependencies": {
        "autod": "^3.0.1",
        "autod-egg": "^1.0.0",
        "egg-bin": "^4.7.0",
        "egg-ci": "^1.8.0",
        "webstorm-disable-index": "^1.2.0"
      },
      "engines": {
        "node": ">=8.9.0"
      },
      "scripts": {
        "start": "egg-scripts start --daemon --title=egg-server-isp-server",
        "stop": "egg-scripts stop --title=egg-server-isp-server",
        "dev": "egg-bin dev",
        "debug": "egg-bin debug",
        "test": "npm run lint -- --fix && npm run test-local",
        "test-local": "egg-bin test",
        "cov": "egg-bin cov",
        "ci": "npm run lint && npm run cov",
        "autod": "autod"
      },
      "ci": {
        "version": "8"
      },
      "repository": {
        "type": "git",
        "url": ""
      },
      "author": "syu",
      "license": "MIT"
    },
    "baseDir": "/Users/syu/WebstormProjects/node-restful-center/server",
    "HOME": "/Users/syu",
    "rundir": "/Users/syu/WebstormProjects/node-restful-center/server/run",
    "dump": {
      "ignore": "<Set>"
    },
    "confusedConfigurations": {
      "bodyparser": "bodyParser",
      "notFound": "notfound",
      "sitefile": "siteFile",
      "middlewares": "middleware",
      "httpClient": "httpclient"
    },
    "notfound": {
      "pageUrl": ""
    },
    "siteFile": {
      "/favicon.ico": "<Buffer len: 6463>"
    },
    "bodyParser": {
      "enable": true,
      "encoding": "utf8",
      "formLimit": "100kb",
      "jsonLimit": "100kb",
      "strict": true,
      "queryString": {
        "arrayLimit": 100,
        "depth": 5,
        "parameterLimit": 1000
      },
      "returnRawBody": true
    },
    "logger": {
      "dir": "/Users/syu/WebstormProjects/node-restful-center/server/logs/restful-server",
      "encoding": "utf8",
      "env": "local",
      "level": "INFO",
      "consoleLevel": "INFO",
      "disableConsoleAfterReady": false,
      "outputJSON": false,
      "buffer": true,
      "appLogName": "restful-server-web.log",
      "coreLogName": "egg-web.log",
      "agentLogName": "egg-agent.log",
      "errorLogName": "common-error.log",
      "coreLogger": {
        "consoleLevel": "WARN"
      },
      "allowDebugAtProd": true,
      "type": "application"
    },
    "httpclient": {
      "enableDNSCache": false,
      "dnsCacheMaxLength": 1000,
      "dnsCacheMaxAge": 10000,
      "request": {
        "timeout": 5000
      },
      "httpAgent": {
        "keepAlive": true,
        "freeSocketKeepAliveTimeout": 4000,
        "maxSockets": 9007199254740991,
        "maxFreeSockets": 256
      },
      "httpsAgent": {
        "keepAlive": true,
        "freeSocketKeepAliveTimeout": 4000,
        "maxSockets": 9007199254740991,
        "maxFreeSockets": 256
      }
    },
    "meta": {
      "enable": true,
      "logging": false
    },
    "coreMiddleware": [
      "cors",
      "meta",
      "siteFile",
      "notfound",
      "static",
      "bodyParser",
      "overrideMethod",
      "session",
      "securities",
      "i18n"
    ],
    "workerStartTimeout": 600000,
    "cluster": {
      "listen": {
        "path": "",
        "port": 7001,
        "hostname": ""
      }
    },
    "clusterClient": {
      "maxWaitTime": 60000,
      "responseTimeout": 60000
    },
    "onClientError": null,
    "middleware": [
      "url"
    ],
    "url": {
      "match": "/\\/invoke\\//"
    },
    "systemInfo": [
      {
        "systemId": 1,
        "url": "http://218.63.110.21:8090",
        "name": "昭通中联his"
      },
      {
        "systemId": 2,
        "url": "http://218.63.110.21:8090",
        "name": "云大东软his"
      }
    ],
    "coreMiddlewares": "~config~coreMiddleware",
    "appMiddlewares": "~config~middleware",
    "appMiddleware": "~config~middleware",
    "multipartParseOptions": {
      "autoFields": false,
      "defCharset": "utf8",
      "limits": {
        "fieldNameSize": 100,
        "fieldSize": 102400,
        "fields": 10,
        "fileSize": 10485760,
        "files": 10
      },
      "checkFile": "<Function checkFile>"
    }
  },
  "plugins": {
    "session": {
      "enable": true,
      "package": "egg-session",
      "name": "session",
      "dependencies": [],
      "optionalDependencies": [],
      "env": [],
      "from": "/Users/syu/WebstormProjects/node-restful-center/server/node_modules/egg/config/plugin.js",
      "path": "/Users/syu/WebstormProjects/node-restful-center/server/node_modules/egg-session",
      "version": "3.1.0"
    },
    "security": {
      "enable": true,
      "package": "egg-security",
      "name": "security",
      "dependencies": [],
      "optionalDependencies": [
        "session"
      ],
      "env": [],
      "from": "/Users/syu/WebstormProjects/node-restful-center/server/node_modules/egg/config/plugin.js",
      "path": "/Users/syu/WebstormProjects/node-restful-center/server/node_modules/egg-security",
      "version": "2.2.2"
    },
    "jsonp": {
      "enable": true,
      "package": "egg-jsonp",
      "name": "jsonp",
      "dependencies": [],
      "optionalDependencies": [
        "security"
      ],
      "env": [],
      "from": "/Users/syu/WebstormProjects/node-restful-center/server/node_modules/egg/config/plugin.js",
      "path": "/Users/syu/WebstormProjects/node-restful-center/server/node_modules/egg-jsonp",
      "version": "2.0.0"
    },
    "onerror": {
      "enable": true,
      "package": "egg-onerror",
      "name": "onerror",
      "dependencies": [],
      "optionalDependencies": [
        "jsonp"
      ],
      "env": [],
      "from": "/Users/syu/WebstormProjects/node-restful-center/server/node_modules/egg/config/plugin.js",
      "path": "/Users/syu/WebstormProjects/node-restful-center/server/node_modules/egg-onerror",
      "version": "2.0.0"
    },
    "i18n": {
      "enable": true,
      "package": "egg-i18n",
      "name": "i18n",
      "dependencies": [],
      "optionalDependencies": [],
      "env": [],
      "from": "/Users/syu/WebstormProjects/node-restful-center/server/node_modules/egg/config/plugin.js",
      "path": "/Users/syu/WebstormProjects/node-restful-center/server/node_modules/egg-i18n",
      "version": "2.0.0"
    },
    "watcher": {
      "enable": true,
      "package": "egg-watcher",
      "name": "watcher",
      "dependencies": [],
      "optionalDependencies": [],
      "env": [],
      "from": "/Users/syu/WebstormProjects/node-restful-center/server/node_modules/egg/config/plugin.js",
      "path": "/Users/syu/WebstormProjects/node-restful-center/server/node_modules/egg-watcher",
      "version": "3.0.0"
    },
    "multipart": {
      "enable": true,
      "package": "egg-multipart",
      "name": "multipart",
      "dependencies": [],
      "optionalDependencies": [],
      "env": [],
      "from": "/Users/syu/WebstormProjects/node-restful-center/server/node_modules/egg/config/plugin.js",
      "path": "/Users/syu/WebstormProjects/node-restful-center/server/node_modules/egg-multipart",
      "version": "2.0.0"
    },
    "development": {
      "enable": true,
      "package": "egg-development",
      "name": "development",
      "dependencies": [
        "watcher"
      ],
      "optionalDependencies": [],
      "env": [
        "local"
      ],
      "from": "/Users/syu/WebstormProjects/node-restful-center/server/node_modules/egg/config/plugin.js",
      "path": "/Users/syu/WebstormProjects/node-restful-center/server/node_modules/egg-development",
      "version": "2.2.0"
    },
    "schedule": {
      "enable": true,
      "package": "egg-schedule",
      "name": "schedule",
      "dependencies": [],
      "optionalDependencies": [],
      "env": [],
      "from": "/Users/syu/WebstormProjects/node-restful-center/server/node_modules/egg/config/plugin.js",
      "path": "/Users/syu/WebstormProjects/node-restful-center/server/node_modules/egg-schedule",
      "version": "3.3.0"
    },
    "logrotator": {
      "enable": true,
      "package": "egg-logrotator",
      "name": "logrotator",
      "dependencies": [
        "schedule"
      ],
      "optionalDependencies": [],
      "env": [],
      "from": "/Users/syu/WebstormProjects/node-restful-center/server/node_modules/egg/config/plugin.js",
      "path": "/Users/syu/WebstormProjects/node-restful-center/server/node_modules/egg-logrotator",
      "version": "3.0.3"
    },
    "static": {
      "enable": true,
      "package": "egg-static",
      "name": "static",
      "dependencies": [],
      "optionalDependencies": [],
      "env": [],
      "from": "/Users/syu/WebstormProjects/node-restful-center/server/node_modules/egg/config/plugin.js",
      "path": "/Users/syu/WebstormProjects/node-restful-center/server/node_modules/egg-static",
      "version": "2.1.1"
    },
    "view": {
      "enable": true,
      "package": "egg-view",
      "name": "view",
      "dependencies": [],
      "optionalDependencies": [],
      "env": [],
      "from": "/Users/syu/WebstormProjects/node-restful-center/server/node_modules/egg/config/plugin.js",
      "path": "/Users/syu/WebstormProjects/node-restful-center/server/node_modules/egg-view",
      "version": "2.1.0"
    },
    "nunjucks": {
      "enable": true,
      "package": "egg-view-nunjucks",
      "name": "nunjucks",
      "dependencies": [
        "security",
        "view"
      ],
      "optionalDependencies": [],
      "env": [],
      "from": "/Users/syu/WebstormProjects/node-restful-center/server/config/plugin.js",
      "path": "/Users/syu/WebstormProjects/node-restful-center/server/node_modules/egg-view-nunjucks",
      "version": "2.2.0"
    },
    "mysql": {
      "enable": true,
      "package": "egg-mysql",
      "name": "mysql",
      "dependencies": [],
      "optionalDependencies": [],
      "env": [],
      "from": "/Users/syu/WebstormProjects/node-restful-center/server/config/plugin.js",
      "path": "/Users/syu/WebstormProjects/node-restful-center/server/node_modules/egg-mysql",
      "version": "3.0.0"
    },
    "cors": {
      "enable": true,
      "package": "egg-cors",
      "name": "cors",
      "dependencies": [],
      "optionalDependencies": [],
      "env": [],
      "from": "/Users/syu/WebstormProjects/node-restful-center/server/config/plugin.js",
      "path": "/Users/syu/WebstormProjects/node-restful-center/server/node_modules/egg-cors",
      "version": "2.0.0"
    },
    "redis": {
      "enable": true,
      "package": "egg-redis",
      "name": "redis",
      "dependencies": [],
      "optionalDependencies": [],
      "env": [],
      "from": "/Users/syu/WebstormProjects/node-restful-center/server/config/plugin.js",
      "path": "/Users/syu/WebstormProjects/node-restful-center/server/node_modules/egg-redis",
      "version": "2.0.0"
    },
    "sessionRedis": {
      "enable": true,
      "package": "egg-session-redis",
      "name": "sessionRedis",
      "dependencies": [
        "redis"
      ],
      "optionalDependencies": [],
      "env": [],
      "from": "/Users/syu/WebstormProjects/node-restful-center/server/config/plugin.js",
      "path": "/Users/syu/WebstormProjects/node-restful-center/server/node_modules/egg-session-redis",
      "version": "1.0.0"
    }
  }
}